id,title,note,excerpt,url,tags,created,cover,highlights,favorite
1518958189,Roger Federer as Religious Experience (Published 2006),,"How one player‚Äôs grace, speed, power, precision, kinesthetic virtuosity, and seriously wicked topspin are transfiguring men‚Äôs tennis.",https://www.nytimes.com/2006/08/20/sports/playmagazine/20federer.html,,2025-12-31T16:45:51.044Z,https://static01.nyt.com/images/2006/08/13/magazine/20play.federer01ready/20play.federer01ready-facebookJumbo-v3.jpg?year=2006&h=339&w=648&s=0beb796c456ae4f4b8738cc701bf46109a3aa570ef47b066c8bb860f6228c47b&k=ZQJBKqZ0VN,,false
1518958164,The Anatomy of Autonomy: Why Agents are the next AI Killer App after ChatGPT,,"Auto-GPT/BabyAGI Executive Summary, a Brief History of Autonomous Agentic AI, and Predictions for Autonomous Future",https://www.latent.space/p/agents,,2025-12-31T16:45:47.823Z,"https://substackcdn.com/image/fetch/$s_!CuQq!,f_auto,q_auto:best,fl_progressive:steep/https%3A%2F%2Fswyx.substack.com%2Fapi%2Fv1%2Fpost_preview%2F115776561%2Ftwitter.jpg%3Fversion%3D4",,false
1518958076,A receipt printer cured my procrastination [ADHD],,Why can I focus for hours on a game but procrastinate on simple tasks? I finally cracked the code using thermal receipt printer and game design.,https://www.laurieherault.com/articles/a-thermal-receipt-printer-cured-my-procrastination,,2025-12-31T16:45:44.473Z,https://www.laurieherault.com/og/receipt-printer-procrastination-twitter.png,,false
1518956569,A Pixel Parable,,An imagined town is at least as real as an actual town.,https://olano.dev/blog/a-pixel-parable/,,2025-12-31T16:44:02.249Z,https://olano.dev/assets/img/parable/loom.png,,false
1518956289,Some People Can‚Äôt See Mental Images. The Consequences Are Profound,,"Research has linked the ability to visualize to a bewildering variety of human traits‚Äîhow we experience trauma, hold grudges, and, above all, remember our lives.",https://www.newyorker.com/magazine/2025/11/03/some-people-cant-see-mental-images-the-consequences-are-profound,,2025-12-31T16:43:27.543Z,"https://media.newyorker.com/photos/68fa8c804b38bca3cc80da55/16:9/w_1280,c_limit/r47434_rd.jpg?mbid=social_retweet",,false
1518956189,What OpenAI Did When ChatGPT Users Lost Touch With Reality,,"In tweaking its chatbot to appeal to more people, OpenAI made it riskier for some of them. Now the company has made its chatbot safer. Will that undermine its quest for growth?",https://www.nytimes.com/2025/11/23/technology/openai-chatgpt-users-risks.html,,2025-12-31T16:43:11.377Z,https://static01.nyt.com/images/2025/11/18/business/00openAI-wellbeing/00openAI-wellbeing-facebookJumbo.png,,false
1518956161,The Secret History of Indian Science Fiction.,,"Before Asimov, there was Rokeya.",https://altermag.com/articles/the-secret-history-of-indian-science-fiction,,2025-12-31T16:43:05.978Z,https://0zurv4bphkakbrc2.public.blob.vercel-storage.com/og-image.jpeg,,false
1518956083,Our Charter | Alter Magazine,,The future beckons to us. Whither do we go and what shall be our endeavour?,https://altermag.com/our-charter,,2025-12-31T16:42:49.955Z,https://0zurv4bphkakbrc2.public.blob.vercel-storage.com/AstronautFinalCentred-min%20%281%29.jpeg,,false
1518956043,Fifteen Years,,,https://xkcd.com/3172/,,2025-12-31T16:42:42.333Z,https://imgs.xkcd.com/comics/fifteen_years_2x.png,,false
1518954263,"Claude Opus 4.5, and why evaluating new LLMs is increasingly difficult",,"Anthropic released Claude Opus 4.5 this morning, which they call ‚Äúbest model in the world for coding, agents, and computer use‚Äù. This is their attempt to retake the crown for ‚Ä¶",https://simonwillison.net/2025/Nov/24/claude-opus/,,2025-12-31T16:40:40.410Z,https://static.simonwillison.net/static/2025/claude-opus-4.5-pelican-advanced.jpg,,false
1518954222,Writing in the Age of LLMs,,,https://www.sh-reya.com/blog/ai-writing/,,2025-12-31T16:40:37.208Z,https://www.sh-reya.com/favicon-32x32.png,,false
1518954040,Icons in Menus Everywhere ‚Äî Send Help,,Writing about the big beautiful mess that is making things for the world wide web.,https://blog.jim-nielsen.com/2025/icons-in-menus/,,2025-12-31T16:40:32.941Z,https://cdn.jim-nielsen.com/blog/2025/context-menu-hig-donts.png,,false
1518953939,Maybe the Default Settings Are Too High,,I‚Äôve been reading Lord of the Rings for two months and I‚Äôm just at the end of the first part. It‚Äôs not because I‚Äôm not enjoying it. It‚Äôs one of the most ...,https://www.raptitude.com/2025/12/maybe-the-default-settings-are-too-high/,,2025-12-31T16:40:29.537Z,https://www.raptitude.com/wp-content/uploads/2025/12/spedometer.jpg,,false
1518953434,There‚Äôs a Word for That - Boston Review,,Can language describe everything we feel‚Äîand should it?,https://www.bostonreview.net/articles/theres-a-word-for-that/,,2025-12-31T16:40:04.573Z,https://www.bostonreview.net/wp-content/uploads/2025/02/reich_web.jpg,,false
1518953394,Hiding drafts and future posts in Eleventy.js - simpixelated.com,,"JavaScript software development tips, strategies for salary negotiation, and other helpful advice for navigating software as a career.",https://simpixelated.com/hiding-drafts-and-future-posts-in-eleventy-js/,,2025-12-31T16:39:56.842Z,https://simpixelated.com/static/banners/hiding-drafts-and-future-posts-in-eleventy-js-social-card.png,,false
1518953270,"The 3 Gurus of 90s Web Design: Zeldman, Siegel, Nielsen | Cybercultural",,"With the rise of Flash and CSS in 1997, three web design philosophies emerge. David Siegel advocates for 'hacks', Jakob Nielsen keeps it simple, while Jeffrey Zeldman combines flair with usability.",https://cybercultural.com/p/web-design-1997/,,2025-12-31T16:39:36.924Z,https://cybercultural.com/assets/images/90s-web-designers-feature.jpg,,false
1518953247,Syncing and Backups with Rsync and Borg,,,https://dizzard.net/articles/borg_rsync/article.html,,2025-12-31T16:39:34.141Z,https://rdl.ink/render/https%3A%2F%2Fdizzard.net%2Farticles%2Fborg_rsync%2Farticle.html,,false
1518953220,Everything I've learned so far about running local LLMs,,,https://nullprogram.com/blog/2024/11/10/,,2025-12-31T16:39:30.271Z,https://rdl.ink/render/https%3A%2F%2Fnullprogram.com%2Fblog%2F2024%2F11%2F10%2F,,false
1518953202,no days off,,"A celebration of consistency, discipline, and the pursuit of movement",https://nodaysoff.run/,,2025-12-31T16:39:25.596Z,https://nodaysoff.run/og-image.png,,false
1518953167,Tracing the thoughts of a large language model \ Anthropic,,Anthropic's latest interpretability research: a new microscope to understand Claude's internal mechanisms,https://www.anthropic.com/research/tracing-thoughts-language-model,,2025-12-31T16:39:21.943Z,https://cdn.sanity.io/images/4zrzovbb/website/16c0eba69e06ee6e629756624d27117c3636d9ae-2400x1260.jpg,,false
1518953147,Don't be Frupid,,"Frupidity is stupid frugality that wrecks engineering teams. Misguided cost-cutting kills productivity, morale, and innovation. You can fight it.",https://selix.net/notes/dont-be-frupid,,2025-12-31T16:39:17.973Z,https://selix.net/img/notes/xl/frupig@SwyqlG.jpeg,,false
1518953125,M2 vs. M3 vs. M4 MacBook Air Buyer's Guide: 25+ Differences Compared,,"Apple just announced a new MacBook Air, introducing its latest chip, an enhanced camera, and a striking new color option. Simultaneously, it...",https://www.macrumors.com/guide/m2-vs-m3-vs-m4-macbook-air/,,2025-12-31T16:39:15.073Z,https://images.macrumors.com/t/T23DldUwLm0qTOP8QhuZZ0hfr1c=/2500x/article-new/2025/01/macbook-air-blue.jpeg,,false
1518953030,LLM Prompting for Software Development - Mykel Nahorniak,,Mykel Nahorniak's personal website,https://www.mykel.org/notes/llm-prompting-for-software-development,,2025-12-31T16:39:01.182Z,https://www.mykel.org/img/mykel-logo.png,,false
1518953009,Linux-based Time Machine backup server using Netatalk and ZFS,,Daniel P. Gross is a computer software and hardware professional based in Toronto.,https://dgross.ca/blog/linux-time-machine-server,,2025-12-31T16:38:57.596Z,https://rdl.ink/render/https%3A%2F%2Fdgross.ca%2Fblog%2Flinux-time-machine-server,,false
1518952979,How to Unbrick a Kindle Paperwhite,,"How to Unbrick a Kindle Paperwhite. GitHub Gist: instantly share code, notes, and snippets.",https://gist.github.com/TobiasWooldridge/22f0cdca75190b9a473f,,2025-12-31T16:38:53.474Z,https://github.githubassets.com/assets/gist-og-image-54fd7dc0713e.png,,false
1518952948,How to self-host n8n but expose the path for OAuth2 authentication ¬∑,,"I tried self-hosting n8n and I love it, but there was one problem I was facing - I could not create Credentials for G...",https://myzopotamia.dev/selfhost-n8n-with-exposed-oauth,,2025-12-31T16:38:49.572Z,https://myzopotamia.dev/public/images/selfhost-n8n.png,,false
1518952914,Age and cognitive skills: Use it or lose it,,Cognitive skills do not decline with age for those who use math and reading throughout their life.,https://www.science.org/doi/10.1126/sciadv.ads1560,,2025-12-31T16:38:44.535Z,https://www.science.org/cms/asset/77012126-0ea7-42d2-912e-372f242c5eb3/sciadv.ads1560-keyimage.gif,,false
1518952857,Building a Budget Homelab NAS Server (2022 Edition),,"How I chose parts, built, and configured my first custom home storage server.",https://mtlynch.io/budget-nas/,,2025-12-31T16:38:38.308Z,https://mtlynch.io/budget-nas/og-cover.jpg,,false
935381610,Things we learned about LLMs in 2024,,A lot has happened in the world of Large Language Models over the course of 2024. Here‚Äôs a review of things we figured out about the field in the past ‚Ä¶,https://simonwillison.net/2024/Dec/31/llms-in-2024/,,2025-01-01T23:11:17.928Z,https://static.simonwillison.net/static/2024/arena-dec-2024.jpg,,false
932087400,"Apartments for Rent in Markham | Rent Houses, Condos, Studios, Townhouses - Viewit.ca",,"Search apartments for rent in Markham. Whether you are looking for a house, condo, basement or townhome, Viewit will find the perfect place for you and your loved ones. Call to book a showing now!",https://www.viewit.ca/rentals/markham,,2024-12-29T01:55:31.207Z,https://www.viewit.ca/images/ViewitCover.png,,false
932087398,Movie Posters & Prints from Film and Cinema üé¨ | AllPosters.com,,"Shop AllPosters.com for great deals on Movie Posters for sale! ü§© We offer a huge selection of posters & prints online, with fast shipping, free returns, and custom framing options you'll love.","https://www.allposters.com/-st/Movie-Posters_c101_.htm?topapnum=17315442,17296374,17296357,17298970,17297120,17296356,17366408,17366296,17366428",,2024-12-29T01:55:31.207Z,https://rdl.ink/render/https%3A%2F%2Fwww.allposters.com%2F-st%2FMovie-Posters_c101_.htm%3Ftopapnum%3D17315442%2C17296374%2C17296357%2C17298970%2C17297120%2C17296356%2C17366408%2C17366296%2C17366428,,false
932087397,Top Wallpapers - wallhaven.cc,,Most popular uploaded Wallpapers,https://wallhaven.cc/search?ai_art_filter=1&categories=110&order=desc&purity=100&sorting=toplist&topRange=6M,,2024-12-29T01:55:31.207Z,https://wallhaven.cc/images/layout/twitter-card.jpg,,false
932087396,"Pricing - Double, the AI Coding Copilot",,AI coding copilot engineered for performance.,https://docs.double.bot/pricing,,2024-12-29T01:55:31.207Z,https://i.imgur.com/joMgFQZ.png,,false
932087360,A Brief History & Ethos of the Digital Garden,,A newly revived philosophy for publishing personal knowledge on the web,https://maggieappleton.com/garden-history,,2024-12-29T01:55:31.204Z,https://maggieappleton.com/og.png,,false
932087359,Ian's Shoelace Site ‚Äì Granny Knot Info,,"Many people are tying a ‚ÄúGranny Knot‚Äù, which sits crooked and comes loose. Learn the ‚Äúone simple trick‚Äù for keeping your shoes neatly and securely tied.",https://www.fieggen.com/shoelace/grannyknot.htm,,2024-12-29T01:55:31.204Z,https://www.fieggen.com/shoelace/knots/granny-knot-0x.jpg,,false
932087358,The Game Awards 2024: Astro Bot wins Game of the Year 3 hours ago BBC,,"Sony's 3D platformer takes four prizes at the ceremony dubbed ""the biggest night in gaming"".",https://www.bbc.com/news/articles/c0rn57j1lkeo.amp,,2024-12-29T01:55:31.204Z,https://ichef.bbci.co.uk/news/1024/branded_news/b273/live/5d381990-b88a-11ef-a0f2-fd81ae5962f4.png,,false
932087357,Just a moment...,,,https://www.chesterton.org/taking-a-fence-down,,2024-12-29T01:55:31.204Z,,,false
932087356,"Tata Neu - Online Shopping for Grocery, Electronics, Fashion & More",,"Discover the ultimate online shopping experience at Tata Neu website. Order Groceries, Electronics, Clothing, Medicines, Food and also Book Flights & Hotels",https://tsss.tatadigital.com/tsss/offers/AirIndia/International,,2024-12-29T01:55:31.204Z,https://rdl.ink/render/https%3A%2F%2Ftsss.tatadigital.com%2Ftsss%2Foffers%2FAirIndia%2FInternational,,false
932087355,The Big Short SQUEEZE from $5 to $50? Could GameStop stock (GME) explode higher?? Value investing! - YouTube,,"In this video I share a new style of my analysis on GameStop (GME, $4.61, $299M market cap). As of August 2020 I'm bullish on the stock. What are your thoughts on GME?

Aside from the analysis: what do you think of the new presentation style?

Resources mentioned in the video:

GameStop investor presentation May 2020: https://www.sec.gov/Archives/edgar/data/1326380/000119312520148780/d918174ddefa14a.htm

Hestia/Permit Restore GameStop presentation May 2020: https://www.sec.gov/Archives/edgar/da...

GameStop Performance Center: https://gspc.gg/

IGN How GameStop Plans to Save Itself: https://www.ign.com/articles/how-gamestop-plans-to-save-itself

GamesIndustryBiz Xbox's Phil Spencer: Our next console will have a disc drive: https://www.gamesindustry.biz/articles/2019-06-10-xboxs-phil-spencer-our-next-console-will-have-a-disc-drive

NPD Gaming Spending in 2020 Q2: https://www.npd.com/wps/portal/npd/us/news/press-releases/2020/the-npd-group-us-consumer-spend-on-video-game-products-continues-to-break-records/#:~:text=*%20report%20from%20The%20NPD%20Group,%E2%80%93%20March)%20record%20%2410.9%20billion.

Nintendo Explanatory Material: https://www.nintendo.co.jp/ir/pdf/2020/200806_2e.pdf

Sony Supplemental Information: https://www.sony.net/SonyInfo/IR/library/presen/er/pdf/20q1_supplement.pdf

High Short Interest: https://highshortinterest.com/

Scion 13D April 2020: https://www.sec.gov/Archives/edgar/da...

Scion June 2020: https://www.businesswire.com/news/hom...

WhaleWisdom GME shareholders: https://whalewisdom.com/stock/gme#listings_table-sticky-header

Scott Preston's piece in Barron's from February 2020: https://www.barrons.com/articles/game...

The Roaring Kitty channel revolves around educational live streams where I share my daily routine of tracking stocks and performing investment research.

My investment style involves continually tracking thousands of stocks using a variety of widely available tools. When opportunity strikes ‚Äì as it occasionally does in markets comprised of biased humans ‚Äì I‚Äôm prepared to pounce and capitalize on the situation. I'm probably best classified as a fundamentals-focused deep value investor, though I find I'm increasingly leaning on technical analysis for screening, timing, and tracking stocks. In the years ahead I look forward to honing my portfolio management approach by acquiring bolt-on skillsets and further developing my approach to risk management.

Some of the tools I use: Google Chrome, Chrome extensions & search engines, Google Sheets / Google Apps Script / StackOverflow, StockCharts, insider buying via OpenInsider, stock ownership via WhaleWisdom, SEC filings via sec.gov, SeekingAlpha, Twitter, Quandl / Sharadar, and bond prices via FINRA. 

The Roaring Kitty channel and live streams are for educational purposes only. I share my approach to investing in an effort to set you on the right path to building out your own investment process. I don't provide personal investment advice or stock recommendations during the stream. Please understand that my style of investing is extremely aggressive and I take on a substantial amount of risk. It's likely my approach would not be suitable for you. If you're seeking personalized advice, I encourage you to sit down with a financial professional who can review your personal situation, financial background, risk tolerance, etc. Check out the Roaring Kitty disclaimer video for more information: https://www.youtube.com/watch?v=YM-Us...",https://m.youtube.com/watch?feature=youtu.be&si=6AOk3GkhBN2QyB2D&v=alntJzg0Um4,,2024-12-29T01:55:31.204Z,https://i.ytimg.com/vi/alntJzg0Um4/maxresdefault.jpg,,false
932087354,Toronto Attractions - Google Drive,,,https://docs.google.com/spreadsheets/u/0/d/1VOP06BQQNtVpdb40rgmmqHWshFuPDOHjq6i5o25qBjU/htmlview,,2024-12-29T01:55:31.204Z,https://lh7-us.googleusercontent.com/docs/AHkbwyKYaX-SwuLBSn5WhpbL5qb7NnzqZAWGGwjctJFn99D1smio2753qrkKUG7d9T3q0ruBwKp74RAfd3l5FUbGzRuO9XrJcau1rfLHjO7PCHdGeDKcMyjm=w1200-h630-p,,false
932087353,Combining Large Language Models and Knowledge Graphs ‚Äì Wisecube AI ‚Äì Research Intelligence Platform,,,https://www.wisecube.ai/blog/combining-large-language-models-and-knowledge-graphs,,2024-12-29T01:55:31.204Z,https://www.wisecube.ai/wp-content/uploads/2023/07/Featured-Blog-Image-Synergizing-Large-Language-Models-and-Knowledge-Graphs.jpg,,false
932087352,Thoughts on the Future of Software Development,,My optimistic take on the future of Software Development in the age of AI.,https://www.sheshbabu.com/posts/thoughts-on-the-future-of-software-development,,2024-12-29T01:55:31.204Z,https://www.sheshbabu.com/images/2024-thoughts-on-the-future-of-software-development/2024-thoughts-on-the-future-of-software-development.png,,false
932087351,"Store Locator - Canada‚Äôs best deals on Electronics, TVs, Unlocked Cell Phones, Macbooks, Laptops, Kitchen Appliances, Toys, Bed and Bathroom products, Heaters, Humidifiers, Hair appliances and so much more",,,https://www.factorydirect.ca/store-locator,,2024-12-29T01:55:31.204Z,,,false
932087341,Demo,,,https://demo.useliftoff.com/demo,,2024-12-29T01:55:31.203Z,https://rdl.ink/render/https%3A%2F%2Fdemo.useliftoff.com%2Fdemo,,false
932087343,"Lead Oracle PL/SQL Dev with Data Modeling( Onsite) job | Cognizant job in Toronto, Ontario, Canada",,,https://careers.cognizant.com/ca/en/job/COGNGLOBAL00055191961/Lead-Oracle-PL-SQL-Dev-with-Data-Modeling-Onsite?src=SNS-102,,2024-12-29T01:55:31.203Z,,,false
932087344,Dashboard ‚Äì FlowCV,,Quickly create a beautiful resume or CV for free and get 			useful tips along the way. Share your resume easily with your 			friends and customise it easily.,https://app.flowcv.com,,2024-12-29T01:55:31.203Z,https://prod.flowcvassets.com/public/flowcv/flowcv-og.jpg,,false
932087339,Huntr | Board | Job Search 2023 - Kartikey Chauhan,,"Huntr keeps track of every detail about your job applications - notes, dates, tasks, job descriptions, salaries, locations, company data and more.",https://huntr.co/track/boards/64bd4e395119d10041d713a9/board,,2024-12-29T01:55:31.203Z,https://huntr.co/images/social_share/organize-your-job-search.png,,false
932087340,Search developer jobs around the world | Devjobsscanner,,Devjobsscanner scans over 15+ dev job boards and classifies the dev jobs to be easily searched,https://www.devjobsscanner.com,,2024-12-29T01:55:31.203Z,https://www.devjobsscanner.com//assets/images/devjobsscanner-01.jpg,,false
932087350,(1) Home / X,,,https://twitter.com/home,,2024-12-29T01:55:31.203Z,https://rdl.ink/render/https%3A%2F%2Ftwitter.com%2Fhome,,false
932087349,Vincent Zoonekynd's Blog,,"Here is, as every year, an overview of the papers and books
I read this year.
The main topics are transformers, graph neural nets, optimization,
differentiability and time series.",http://zoonek.free.fr/blosxom/ML/2024-01-01_2023_in_ML.html,,2024-12-29T01:55:31.203Z,https://rdl.ink/render/http%3A%2F%2Fzoonek.free.fr%2Fblosxom%2FML%2F2024-01-01_2023_in_ML.html,,false
932087348,What I Wish Someone Had Told Me - Sam Altman,,"Optimism, obsession, self-belief, raw horsepower and personal connections are how things get started. Cohesive teams, the right combination of calmness and urgency, and unreasonable commitment are...",https://blog.samaltman.com/what-i-wish-someone-had-told-me,,2024-12-29T01:55:31.203Z,https://rdl.ink/render/https%3A%2F%2Fblog.samaltman.com%2Fwhat-i-wish-someone-had-told-me,,false
932087347,"Generative AI Chatbot using LLaMA-2, Qdrant, RAG, LangChain & Streamlit",,,https://blogs.oracle.com/ai-and-datascience/post/ai-chatbot-llama2-qdrant-rag-langchain-streamlit,,2024-12-29T01:55:31.203Z,https://rdl.ink/render/https%3A%2F%2Fblogs.oracle.com%2Fai-and-datascience%2Fpost%2Fai-chatbot-llama2-qdrant-rag-langchain-streamlit,,false
932087338,Resumatic,,,https://resumatic.rezi.ai/dashboard/resume/7qShgqPRZPfN1gw5pUTU/summary,,2024-12-29T01:55:31.202Z,https://rdl.ink/render/https%3A%2F%2Fresumatic.rezi.ai%2Fdashboard%2Fresume%2F7qShgqPRZPfN1gw5pUTU%2Fsummary,,false
932087334,Ask The Headhunter¬Æ - Readers' Forum: How I got the job - Talking shop!,,"The¬†October 19, 2010¬†Ask The Headhunter Newsletter¬†is a special edition. A reader shares¬†his story, about how he talked shop to meet the people who led him to the manager who hired him: Nick, I got the job! Finally, I will be moving to [new city] for a great job. I still don‚Äôt believe what I was able to accomplish with your guidance. I got a job: In my target industry, In my target city, In my target role, At a high level and not an entry level. All of that despite the fact that I was unemployed for 10 months, was",https://www.asktheheadhunter.com/2295/readers-forum-how-i-got-the-job-talking-shop,,2024-12-29T01:55:31.202Z,https://rdl.ink/render/https%3A%2F%2Fwww.asktheheadhunter.com%2F2295%2Freaders-forum-how-i-got-the-job-talking-shop,,false
932087332,Porn Torrents,,,https://digitalcore.club/xxx#top,,2024-12-29T01:55:31.201Z,https://rdl.ink/render/https%3A%2F%2Fdigitalcore.club%2Fxxx%23top,,false
932087330,iEvolve,,,https://ievolveng.ultimatix.net/ievolve/myLearnings/courses/inprogress,,2024-12-29T01:55:31.201Z,https://rdl.ink/render/https%3A%2F%2Fievolveng.ultimatix.net%2Fievolve%2FmyLearnings%2Fcourses%2Finprogress,,false
932087329,Ultimatix: Digitally Connected,,,https://www.ultimatix.net/uxportal/uxportalhome.html/landingPage?landingPath=/uxContent/landingPages1/TCSIevolveLandingPageDigicoree.htm,,2024-12-29T01:55:31.201Z,https://rdl.ink/render/https%3A%2F%2Fwww.ultimatix.net%2Fuxportal%2Fuxportalhome.html%2FlandingPage%3FlandingPath%3D%2FuxContent%2FlandingPages1%2FTCSIevolveLandingPageDigicoree.htm,,false
932087328,Fresco Play,,,https://play.fresco.me,,2024-12-29T01:55:31.201Z,https://rdl.ink/render/https%3A%2F%2Fplay.fresco.me,,false
932087327,Citrix Workspace,,,https://myapp.tcs.com/Citrix/MYAPPSTOREWeb,,2024-12-29T01:55:31.201Z,,,false
932087308,Repayment Calculator: Home Page,,,https://osap.gov.on.ca/AidEstimator2324Web/enterapp/debt_calculator.xhtml,,2024-12-29T01:55:31.199Z,https://rdl.ink/render/https%3A%2F%2Fosap.gov.on.ca%2FAidEstimator2324Web%2Fenterapp%2Fdebt_calculator.xhtml,,false
932087307,Intuit Credit Karma - Log In,,"Intuit Credit Karma offers free credit scores, reports and insights. Get the info you need to take control of your credit.",https://www.creditkarma.ca/login,,2024-12-29T01:55:31.199Z,https://intlck.imgix.net/0.186.17/illustrations/open-graph_ca.png,,false
932087306,Mint.com,,,https://mint.intuit.com/overview?cta=nav_login_dropdown&cta=nav_login_dropdown&ivid=5550e383-8deb-4b54-adf9-a8f1d2ede338?utm_medium=direct&ivid=5550e383-8deb-4b54-adf9-a8f1d2ede338,,2024-12-29T01:55:31.199Z,,,false
932087305,PPP Salary Converter,,Convert your salary using Purchasing Power Parity (PPP),https://www.chrislross.com/PPPConverter,,2024-12-29T01:55:31.199Z,https://rdl.ink/render/https%3A%2F%2Fwww.chrislross.com%2FPPPConverter,,false
932087303,TurboTax,,"Login to your Canada TurboTax account to file, or amend a tax return, or check the status of the e-file or tax refund for tax year 2022.",https://ww1.2022.turbotaxonline.intuit.ca/signin?from=timeout,,2024-12-29T01:55:31.199Z,https://rdl.ink/render/https%3A%2F%2Fww1.2022.turbotaxonline.intuit.ca%2Fsignin%3Ffrom%3Dtimeout,,false
932087302,2022 Income Tax Calculator Ontario,,"Estimate your provincial taxes with our free Ontario income tax calculator. See your¬†tax bracket, marginal and average tax rates, payroll tax deductions, tax refunds, and taxes owed.",https://www.wealthsimple.com/en-ca/tool/tax-calculator/ontario,,2024-12-29T01:55:31.199Z,https://images.ctfassets.net/v44fuld738we/2FpjAFI9T2oM21AEk3rbYT/bb90d3baf9179372582863fc38b2ea45/ws-homepage-open-graph.png?w=1200&q=90&fit=scale&fm=jpg,,false
932087301,Wealthsimple Tax,,"Wealthsimple is the smart way to invest, trade, save, spend and file your taxes. Do more with your money with our smart financial tools and expert advice.",https://my.wealthsimple.com/app/login?product=tax&redirect=/tax-onboarding/2022?taxRedirect=%2F%3Flang=en,,2024-12-29T01:55:31.199Z,https://www.wealthsimple.com/images/social/wealthsimple_og_image.jpg,,false
932087300,GST/HST calculator (and rates) - Canada.ca,,Use this calculator to find out the amount of tax that applies to sales in Canada.,https://www.canada.ca/en/revenue-agency/services/tax/businesses/topics/gst-hst-businesses/charge-collect-which-rate/calculator.html,,2024-12-29T01:55:31.199Z,https://rdl.ink/render/https%3A%2F%2Fwww.canada.ca%2Fen%2Frevenue-agency%2Fservices%2Ftax%2Fbusinesses%2Ftopics%2Fgst-hst-businesses%2Fcharge-collect-which-rate%2Fcalculator.html,,false
932087299,Calculate your expenses ‚Äì Home office expenses for employees - Canada.ca,,Find out how much you can claim as an employee working from home.,https://www.canada.ca/en/revenue-agency/services/tax/individuals/topics/about-your-tax-return/tax-return/completing-a-tax-return/deductions-credits-expenses/line-22900-other-employment-expenses/work-space-home-expenses/calculate-expenses.html,,2024-12-29T01:55:31.199Z,https://rdl.ink/render/https%3A%2F%2Fwww.canada.ca%2Fen%2Frevenue-agency%2Fservices%2Ftax%2Findividuals%2Ftopics%2Fabout-your-tax-return%2Ftax-return%2Fcompleting-a-tax-return%2Fdeductions-credits-expenses%2Fline-22900-other-employment-expenses%2Fwork-space-home-expenses%2Fcalculate-expenses.html,,false
932087298,Gig economy - Taxes and the platform economy - Canada.ca,,"In the gig economy, gig workers operate as independent contractors and freelancers. Common platforms used in the gig economy may include, but are not limited to:",https://www.canada.ca/en/revenue-agency/programs/about-canada-revenue-agency-cra/compliance/platform-economy/gig-economy.html,,2024-12-29T01:55:31.199Z,https://rdl.ink/render/https%3A%2F%2Fwww.canada.ca%2Fen%2Frevenue-agency%2Fprograms%2Fabout-canada-revenue-agency-cra%2Fcompliance%2Fplatform-economy%2Fgig-economy.html,,false
932087296,HDFC NetBanking,,,https://netbanking.hdfcbank.com/netbanking,,2024-12-29T01:55:31.198Z,https://rdl.ink/render/https%3A%2F%2Fnetbanking.hdfcbank.com%2Fnetbanking,,false
932087295,MyCards,,Description,https://mycards.hdfcbank.com/?productType=CC&redirect_url=/productdetails?type=cardDetails&tab=0&productType=CC&type=productdetails,,2024-12-29T01:55:31.198Z,https://rdl.ink/render/https%3A%2F%2Fmycards.hdfcbank.com%2F%3FproductType%3DCC%26redirect_url%3D%2Fproductdetails%3Ftype%3DcardDetails%26tab%3D0%26productType%3DCC%26type%3Dproductdetails,,false
932087294,RESIDENT TO NRO CONVERSION PROCESS,,,https://www.hdfcbank.com/nri-banking/resident-to-nro-conversion-process,,2024-12-29T01:55:31.198Z,https://www.hdfcbank.com/content/api/contentstream/723fb80a-2dde-42a3-9793-7ae1be57c87f/SEO/hdfc.png,,false
932087293,Income Tax for NRI,,Read the guide on implications of Income Tax for NRI to know your tax liability and how to file your income return in India online.,https://cleartax.in/s/income-tax-for-nri,,2024-12-29T01:55:31.198Z,https://rdl.ink/render/https%3A%2F%2Fcleartax.in%2Fs%2Fincome-tax-for-nri,,false
932087292,Income Tax Planning and Filing | Quicko,,"Pre-fill Income Tax Return, import investments, maximize refund, pay income tax and advance tax online for ITR filing instantly.",https://quicko.com/income-tax,,2024-12-29T01:55:31.198Z,https://cms-strapi.quicko.com/uploads/large_quicko_com_og_571b7a5e32.jpeg,,false
932087291,AI Community,,AI Community - Crowd Management Platform,https://www.telusinternational.ai/cmp/login?redirect=https://www.telusinternational.ai/cmp/contributor/dashboard,,2024-12-29T01:55:31.198Z,https://rdl.ink/render/https%3A%2F%2Fwww.telusinternational.ai%2Fcmp%2Flogin%3Fredirect%3Dhttps%3A%2F%2Fwww.telusinternational.ai%2Fcmp%2Fcontributor%2Fdashboard,,false
932087290,AI studies with Pulse Labs,,,https://info.pulselabs.ai/ai-studies-with-pulse-labs-0,,2024-12-29T01:55:31.198Z,,,false
932087289,Dashboard - Pawns.app,,,https://dashboard.pawns.app,,2024-12-29T01:55:31.198Z,,,false
932087288,EarnApp Dashboard,,"We spend 3 hours a day on our devices, let it make money! Download, opt-in, and start earning money in the form of Amazon Gift Cards today",https://earnapp.com/dashboard,,2024-12-29T01:55:31.198Z,https://rdl.ink/render/https%3A%2F%2Fearnapp.com%2Fdashboard,,false
932087287,Get Paid For Your Opinion - PaidViewpoint,,"Want to take surveys for money? Join PaidViewpoint, a growing community of people who are eager to give their opinions in return for cash.",https://paidviewpoint.com,,2024-12-29T01:55:31.198Z,https://rdl.ink/render/https%3A%2F%2Fpaidviewpoint.com,,false
932087286,Honeygain Dashboard,,Got GB left in the end of the month? Take full advantage of you internet plan and make money from home by sharing your unused net.,https://dashboard.honeygain.com,,2024-12-29T01:55:31.198Z,https://dashboard.honeygain.com/images/opengraph.png,,false
932087285,Surveys - Qmee.com,,Earn money online with Qmee surveys,https://www.qmee.com/en-ca/surveys?message=You+have+been+signed+up+for+Surveys!&messageStatus=success&optedIn=true&qmee_survey_result=true&studyId=prescreener,,2024-12-29T01:55:31.197Z,https://cdn.qmee.com/qmee-logo.png,,false
932087284,Remotasks,,,https://www.remotasks.com/en/tasks,,2024-12-29T01:55:31.197Z,https://rdl.ink/render/https%3A%2F%2Fwww.remotasks.com%2Fen%2Ftasks,,false
932087263,hotio/autoscan - hotio.dev,,Documentation for all Docker images maintained by hotio.,https://hotio.dev/containers/autoscan,,2024-12-29T01:55:31.196Z,https://rdl.ink/render/https%3A%2F%2Fhotio.dev%2Fcontainers%2Fautoscan,,false
932087262,Noted - Self Hosted App and Product Reviews,,Maximize Your Homelab Potential with Self-Hosting and Open-Source Solutions,https://noted.lol,,2024-12-29T01:55:31.196Z,https://noted.lol/content/images/2024/07/12704536_5066999.jpg,,false
932087261,Firefly III documentation,,,https://docs.firefly-iii.org/firefly-iii/installation/docker,,2024-12-29T01:55:31.196Z,,,false
932087106,iCloud,,"Log in to iCloud to access your photos, mail, notes, documents and more. Sign in with your Apple¬†Account or create a new account to start using Apple services.",https://www.icloud.com,,2024-12-29T01:55:31.179Z,https://www.icloud.com/icloud_logo/icloud_logo.png,,false
932087105,iCloud Notes,,"View, edit, create and share your notes with Notes on the web. Changes will sync across your devices with iCloud.",https://www.icloud.com/notes,,2024-12-29T01:55:31.179Z,https://www.icloud.com/icloud_logo/icloud_logo.png,,false
932087104,iCloud Reminders,,Create and view your reminders with Reminders on the web. Changes will sync across your devices with iCloud.,https://www.icloud.com/reminders,,2024-12-29T01:55:31.179Z,https://www.icloud.com/icloud_logo/icloud_logo.png,,false
932087107,https://mail.google.com/mail/u/0,,,https://mail.google.com/mail/u/0,,2024-12-29T01:55:31.179Z,,,false
932087103,Hacker News,,,https://news.ycombinator.com/news,,2024-12-29T01:55:31.179Z,https://rdl.ink/render/https%3A%2F%2Fnews.ycombinator.com%2Fnews,,false
932087102,Actual,,,https://100.90.149.66:5006/budget,,2024-12-29T01:55:31.179Z,,,false
932087101,bert/README.md at master ¬∑ google-research/bert,,TensorFlow code and pre-trained models for BERT.,https://github.com/google-research/bert/blob/master/README.md#squad-11,,2024-12-29T01:55:31.179Z,https://opengraph.githubassets.com/0afb511fa700b4712a916f7e5b08baad0773b93ef86cd038a8b293bdc610676f/google-research/bert,,false
932087100,Data Engineer @ Amazon | Prepare.sh,,,https://prepare.sh/engineering/de/amazon,,2024-12-29T01:55:31.178Z,,,false
932087099,NeurIPS 2023,,,https://neurips.cc/virtual/2023/workshop/66546,,2024-12-29T01:55:31.178Z,https://rdl.ink/render/https%3A%2F%2Fneurips.cc%2Fvirtual%2F2023%2Fworkshop%2F66546,,false
932087098,GitHub Education,,"GitHub is where people build software. More than 100 million people use GitHub to discover, fork, and contribute to over 420 million projects.",https://education.github.com/learner/learn,,2024-12-29T01:55:31.178Z,https://github.githubassets.com/assets/github-logo-55c5b9a1fe52.png,,false
932087097,Table Representation Learning Workshop,,TRL Workshop ---,https://table-representation-learning.github.io,,2024-12-29T01:55:31.178Z,https://rdl.ink/render/https%3A%2F%2Ftable-representation-learning.github.io,,false
932087096,Love Fuel,,Love Fuel - Be an Unpredictable Romantic Partner Full of Surprises,https://www.lovefuel.app,,2024-12-29T01:55:31.177Z,http://static1.squarespace.com/static/644ed21c7fb1f64203ddd74f/t/66510c0509cffe60e02d5d03/1716587525965/Frame+989.png?format=1500w,,false
932087095,2024 LifeArchitect.ai data (shared) - Google Drive,,,https://docs.google.com/spreadsheets/d/1O5KVQW1Hx5ZAkcg8AIRjbQLQzx2wVaLl0SqUu-ir9Fs/htmlview,,2024-12-29T01:55:31.177Z,https://lh7-us.googleusercontent.com/docs/AHkbwyJR0ZMhrmsRjZFJX5hjsGWzvluOfyIvNRWI5Al-osizFOO1pRNqdzdhWm2N55j1SIqn5Se8f2s6HMx0VpvsvlFeoidcZuooHWfA3K7MjGcZrLVo1CTQ=w1200-h630-p,,false
932087094,blogTO,,"Toronto's source for local news and culture, restaurant reviews, event listings and the best of the city.",https://www.blogto.com,,2024-12-29T01:55:31.177Z,https://pantry.blogto.com/static/img/favicon/blogto-1200x630.jpg,,false
932087093,Top Links | Hacker News,,,https://news.ycombinator.com/best,,2024-12-29T01:55:31.177Z,https://rdl.ink/render/https%3A%2F%2Fnews.ycombinator.com%2Fbest,,false
932087092,Flash Sale-Limited stock ‚Äì NIIMBOT,,"NIIMBOT label printers and labels have been trusted for over 10 years. Thermal printing anytime anywhere with 1 press. Local warehouse, fast shipping wordwide, 1 year product warranty.",https://niimbots.com/collections/flash-sale-1,,2024-12-29T01:55:31.177Z,https://niimbots.com/cdn/shop/files/niimbot_label_maker.jpg?v=1729670089,,false
932087091,Unofficial search plugins ¬∑ qbittorrent/search-plugins Wiki ¬∑ GitHub,,Search plugins for the search feature.,https://github.com/qbittorrent/search-plugins/wiki/Unofficial-search-plugins,,2024-12-29T01:55:31.177Z,https://opengraph.githubassets.com/ef835586da68e8c9a210ac36cbfff1f5e5344ec93a8a851436fc728e0b5c7c93/qbittorrent/search-plugins,,false
932087090,libSceNgs2.sprx torrent,,,https://btdig.com/search?order=0&q=libSceNgs2.sprx,,2024-12-29T01:55:31.177Z,https://rdl.ink/render/https%3A%2F%2Fbtdig.com%2Fsearch%3Forder%3D0%26q%3DlibSceNgs2.sprx,,false
932087089,"Urban Walk: Annual TBTC Boxing Day Hike, Thu, Dec 26, 2024 at 9:30 AM | Meetup",,Not a Meetup member yet? Log in and find groups that host online or in person events and meet people in your local community who share your interests.,https://www.meetup.com/toronto-bruce-trail-club/events/304267955,,2024-12-29T01:55:31.177Z,https://secure.meetupstatic.com/next/images/shared/meetup-logo.jpg,,false
932087088,Machines - Tailscale,,,https://login.tailscale.com/admin/machines,,2024-12-29T01:55:31.177Z,https://rdl.ink/render/https%3A%2F%2Flogin.tailscale.com%2Fadmin%2Fmachines,,false
932087087,Dashboard / Beszel,,,http://100.107.86.109:8090,,2024-12-29T01:55:31.177Z,,,false
932085263,Neo4j Browser,,,http://100.82.203.134:7474/browser,,2024-12-29T01:53:15.409Z,,,false
932085211,carteakey.dev,,"Data Science, Python, SQL, Linux",https://carteakey.dev,,2024-12-29T01:53:15.404Z,https://rdl.ink/render/https%3A%2F%2Fcarteakey.dev,,false
932085181,"Notion ‚Äì The all-in-one workspace for your notes, tasks, wikis, and databases.",,,https://www.notion.so/carteakey/Job-Applications-24-b26190056c324cfdb8655e4fa113f099,,2024-12-29T01:53:15.401Z,,,false
932085180,Hire Top Talent in Your Area,,Find and onboard talent quickly with Robert Half. Try our service today.,https://www.roberthalf.com/ca/en/c/hire?callcamp=&campaignName=&customer_id=716-943-9551&gad_source=1&intent=&mkwid=-dc_pcrid_593229203658_pkw_robert+half_pmt_b_pdv_c_pgrid_30064086627_ptaid_kwd-16532290_&position_hiring=&request_type_dropdown=&specialized_service_dropdown=&traffic=ps,,2024-12-29T01:53:15.401Z,https://www.roberthalf.com/content/dam/roberthalf/rh.png,,false
932085179,Untitled Notebook,,,https://notebooklm.google.com/notebook/572de420-ac1c-4700-ba5c-0ba27a13489f,,2024-12-29T01:53:15.400Z,,,false
932085178,LinkedIn,,"1 billion members | Manage your professional identity. Build and engage with your professional network. Access knowledge, insights and opportunities.",https://www.linkedin.com,,2024-12-29T01:53:15.400Z,https://static.licdn.com/scds/common/u/images/logos/favicons/v1/favicon.ico,,false
932085177,Digitally Connected,,,https://www.ultimatix.net/uxportal/uxportalhome.html/passwordManagement,,2024-12-29T01:53:15.400Z,https://rdl.ink/render/https%3A%2F%2Fwww.ultimatix.net%2Fuxportal%2Fuxportalhome.html%2FpasswordManagement,,false
932085176,"Analyst, Market & Competitive Intelligence",,,https://can242.dayforcehcm.com/CandidatePortal/en-US/qfg/Posting/View/10287,,2024-12-29T01:53:15.399Z,https://rdl.ink/render/https%3A%2F%2Fcan242.dayforcehcm.com%2FCandidatePortal%2Fen-US%2Fqfg%2FPosting%2FView%2F10287,,false
932085155,Costco Tire Booking,,Create a booking with Costco ‚Äî E MARKHAM.,https://waitwhile.com/locations/costcotire-00545/services/services?OMHRMzzTYuLW47ZlM2kD=2018+Mazda+3+GS&registration=booking&service=8Npus5b4JBG4Xsg4EWNc,,2024-12-29T01:53:15.396Z,https://img.waitwhile.com/web-pp/rs:fit:1100:530/ex:1/bg:fff/pd:100/f:png/plain/gs://waitwhile-app.appspot.com/v2/accounts/A3yJs77jmKSfPTR2TYjJ/locations/8n6zdlVQOsSCWCNXIUfr/public-logo.png?alt=media,,false
932085154,Azure Journey Resources - Deepthi Goguri,,Below are the resource links to use as you start your Azure journey Microsoft Docs Microsoft Learn TV Channel9 Azure SQL Fundamentals SQL Workshops Azure SQL Microsoft Virtual Training Days,https://dbanuggets.com/2021/10/30/azure-journey-resources,,2024-12-29T01:53:15.396Z,https://s0.wp.com/i/blank.jpg,,false
932085153,Tier List Maker for Everything,,TierMaker allows you to create a tier list for anything in seconds. Quickly use an existing tier list template or upload images to create your own template.,https://tiermaker.com,,2024-12-29T01:53:15.396Z,https://tiermaker.com/images/uploads/tiermaker-logo-og.png,,false
932085152,Breaking News Headlines and Media Bias | Ground News,,The biggest source for breaking news around the world. Compare headlines across the political spectrum using media bias ratings driven by data. Spot misinformation. Be well informed.,https://ground.news,,2024-12-29T01:53:15.396Z,https://groundnews.b-cdn.net/assets/logo4/GN_Square.png,,false
932085151,Bloodborne Unofficial Setup & Fixes Guide for ShadPS4,,,https://docs.google.com/document/d/e/2PACX-1vSJQ7GSOMA2UeW3RHr4T5Lzd52MxIeIK1-FrK_-PKoH36H58GJYzMkJt5xv4e_HMIQbgAzmlOONGtNW/pub#h.46r0co2,,2024-12-29T01:53:15.396Z,https://rdl.ink/render/https%3A%2F%2Fdocs.google.com%2Fdocument%2Fd%2Fe%2F2PACX-1vSJQ7GSOMA2UeW3RHr4T5Lzd52MxIeIK1-FrK_-PKoH36H58GJYzMkJt5xv4e_HMIQbgAzmlOONGtNW%2Fpub%23h.46r0co2,,false
932085150,Digital goods marketplace,,New arrivals of the WMCentre.net marketplace,https://wmcentre.net/en,,2024-12-29T01:53:15.396Z,https://rdl.ink/render/https%3A%2F%2Fwmcentre.net%2Fen,,false
932085149,Digiseller,,,https://digiseller.market/info/buy.asp?id_i=222764350&lang=en-US&uid=FF7D182213BB4BCD9C28BA8CCD371556,,2024-12-29T01:53:15.396Z,https://rdl.ink/render/https%3A%2F%2Fdigiseller.market%2Finfo%2Fbuy.asp%3Fid_i%3D222764350%26lang%3Den-US%26uid%3DFF7D182213BB4BCD9C28BA8CCD371556,,false
932085148,Welcome to the Archives,,4Chan's archived threads from every board.,https://4chanarchives.com,,2024-12-29T01:53:15.395Z,https://rdl.ink/render/https%3A%2F%2F4chanarchives.com,,false
932085147,Overview of Forever Notes,,"Forever Notes: a simple, modular, and free digital note-taking system built for Apple Notes users.",https://www.myforevernotes.com/docs/overview,,2024-12-29T01:53:15.395Z,https://cdn.prod.website-files.com/66d94b8cef94f6af748a1af1/670cd1f4772ad7e404f9e2ae_Open-Graph-Image-OVERVIEW.avif,,false
932085146,Lunch Money Accounts,,"Your biggest cheerleader in personal finance! With native multicurrency support, software that helps you manage your recurring expenses, daily transactions, and monthly budget.",https://my.lunchmoney.app/settings,,2024-12-29T01:53:15.395Z,https://lunchmoney.app/assets/images/ogimage.png,,false
932085145,An overlay of hot deals,,An overlay of rfd deals,https://rfd.fyi/#/,,2024-12-29T01:53:15.395Z,https://rdl.ink/render/https%3A%2F%2Frfd.fyi%2F%23%2F,,false
932085144,Punjabi Khatris Origin,,"On the origin of the Punjabi Khatris Rajesh Kochhar Rajesh Kochhar rkochhar2000@yahoo.com This essay first describes how the question of Punjabi Khatri identity arose as part of colonial ethnology. It then briefly reviews the structure and the‚Ä¶ Author of The Vedic People (Orient BlackSwan), English Education in India, Sanskrit & British Empire, Science and the British Empire (Routledge) and Astronomy in India (INSA)",https://rajeshkochhar.com/on-the-origin-of-the-punjabi-khatris,,2024-12-29T01:53:15.395Z,https://rajeshkochhar.com/wp-content/uploads/2019/06/photo.jpg,,false
932085143,Indian Online Deals,,"Online Shopping in India - DesiDime is India's fastest growing Online Shopping Community where you can find Best Deals, Top Deals, Online Deals for wide range of products. Avail the hottest deals from DesiDime at lowest possible price.",https://www.desidime.com,,2024-12-29T01:53:15.395Z,https://cdn2.desidime.com/logo/Desidime_Logo-1200X630.png,,false
932085142,Top Canadian Products,,The best products and services in Canada,https://cansumer.ca,,2024-12-29T01:53:15.395Z,https://cansumer.ca/wp-content/uploads/2019/10/cropped-Cansumer-Icon.png,,false
932085141,4chan Discussion Boards,,,https://4chan.org/index.php,,2024-12-29T01:53:15.395Z,,,false
932085140,Nintendo Roms Megathread,,,https://r-roms.github.io/megathread/nintendo,,2024-12-29T01:53:15.395Z,https://rdl.ink/render/https%3A%2F%2Fr-roms.github.io%2Fmegathread%2Fnintendo,,false
932085139,Police Auctions Canada,,,https://www.policeauctionscanada.com,,2024-12-29T01:53:15.395Z,https://rdl.ink/render/https%3A%2F%2Fwww.policeauctionscanada.com,,false
932085138,Shodan Search Engine,,Search engine of Internet-connected devices. Create a free account to get started.,https://www.shodan.io,,2024-12-29T01:53:15.395Z,https://www.shodan.io/static/img/opengraph.png,,false
932085137,Free Texts Library,,,https://archive.org/details/@scoffins,,2024-12-29T01:53:15.395Z,,,false
932085136,GOG Game Store,,,https://www.gog.com/redeem/PDRBD0263D754CE936,,2024-12-29T01:53:15.394Z,https://images.gog-statics.com/844bac20026bcb6faf3d308fe9ad38365b3df6d1b5c4b74d0db309b426c997c5.jpg,,false
932085135,Prime Gaming Rewards and Benefits,,Enjoy games and more gaming extras every month with Amazon Prime.,https://gaming.amazon.com/chasm-the-rift-gog/dp/amzn1.pg.item.d9f9b981-707e-430c-a349-6fa2e53c6c71/details?ingress=amzn&ref_=SM_ChasmTheRift_S01_FGWP_CRWN,,2024-12-29T01:53:15.394Z,https://m.media-amazon.com/images/G/01/sm/shared/166979982420469/social_image._CB409110150_.jpg,,false
932085134,Foreign Remittance Tax,,The Budget 2023 increased the TCS for foreign remittances from 5% to 20% of the transaction amount. Find out the changes in the foreign remittance tax here.,https://cleartax.in/s/tax-on-foreign-remittance,,2024-12-29T01:53:15.394Z,https://rdl.ink/render/https%3A%2F%2Fcleartax.in%2Fs%2Ftax-on-foreign-remittance,,false
932084450,Aman's AI Journal ‚Ä¢ Recommendation Systems,,Aman's AI Journal | Course notes and learning material for Artificial Intelligence and Deep Learning Stanford classes.,https://aman.ai/recsys/,,2024-12-29T01:48:23.921Z,https://rdl.ink/render/https%3A%2F%2Faman.ai%2Frecsys%2F,,false
932084421,MAC ‚Äì Notkesto,,"About this note I study Matem√°ticas Aplicadas y Computaci√≥n. In this note, you will find links to other notes that will guide you through the notes that I have created during the courses I‚Äôve taken so far.",https://notes.camargomau.com/Sciujo/MAC/MAC,,2024-12-29T01:48:10.976Z,https://camargomau.com/static/og-image.png,,false
932084128,On Wallpapers. ‚Äî Basic Apple Guy,,My thoughts on wallpapers.,https://basicappleguy.com/basicappleblog/on-wallpapers,,2024-12-29T01:46:37.998Z,http://static1.squarespace.com/static/5e949a92e17d55230cd1d44f/t/66f37c87dad15c1953629467/1727233165677/On+Wallpapers3x2.png?format=1500w,,false
932085079,Apartments for Rent Toronto | Rental Apartments in Toronto | 4Rent.ca,"Looking for Apartments for Rent in Toronto? Find best deals on rental Apartments in Toronto, Ontario on 4Rent.ca.","Looking for Apartments for Rent in Toronto? Find best deals on rental Apartments in Toronto, Ontario on 4Rent.ca.",https://4rent.ca/apartments-for-rent/on/toronto/5319,rentals,2024-12-29T01:45:52.000Z,https://4rent.ca/_nuxt/img/hero-bg.649cb86.jpg,,false
932085080,"York University, North York, ON Ensuite (or own bathro... ‚Äì Roomies.ca","Browse ensuite (or own bathroom) rooms for rent in york university, north york, on.","Browse ensuite (or own bathroom) rooms for rent in york university, north york, on.",https://www.roomies.ca/rooms/york-university-north-york-on/ensuite,rentals,2024-12-29T01:45:34.000Z,https://og.roomies.com/title?subheading=Ensuite+%28or+own+bathroom%29+rooms+for+rent+in&heading=York+University%2C+North+York%2C+ON,,false
932085081,SteamDB,,"Free Steam promotions, free weekends, and giveaways. Always up to date.",https://steamdb.info/upcoming/free,"deals, gaming",2024-12-29T01:44:04.000Z,https://steamdb.info/static/logos/512px.png,,false
932085082,"Monkeytype | A minimalistic, customizable typing test","The most customizable typing test website with a minimal design and a ton of features. Test yourself in various modes, track your progress and improve your speed.","The most customizable typing test website with a minimal design and a ton of features. Test yourself in various modes, track your progress and improve your speed.",https://monkeytype.com,typing,2024-12-29T01:43:08.000Z,https://monkeytype.com/images/mtsocial.png,,false
932085083,Awesome Wallpapers - wallhaven.cc,Your source for the best high quality wallpapers on the Net!,Your source for the best high quality wallpapers on the Net!,https://wallhaven.cc,wallpapers,2024-12-29T01:42:40.000Z,https://wallhaven.cc/images/layout/twitter-card.jpg,,false
932085084,Dealforager,,,https://dealforager.com/deals?domain=6,deals,2024-12-29T01:42:19.000Z,https://rdl.ink/render/https%3A%2F%2Fdealforager.com%2Fdeals%3Fdomain%3D6,,false
932085085,Diskprices,,"Comparison of all hard drives and SSDs on Amazon, sorted by price per TB",https://diskprices.com/?locale=ca,selfhost,2024-12-29T01:41:54.000Z,https://rdl.ink/render/https%3A%2F%2Fdiskprices.com%2F%3Flocale%3Dca,,false
932082448,First Steps in Repayment,,English description / Description en anglais,https://www.csnpe-nslsc.canada.ca/en/first-steps-in-repayment,,2024-12-29T01:41:05.592Z,https://www.csnpe-nslsc.canada.ca/NSLSCStaticSite/media/Loanstar/repay_canada_loan_banner.jpg,,false
932085086,NSW2U,,All Nintendo Switch XCI & NSP Games,https://nsw2u.com/switch-posts-2,gaming,2024-12-29T01:39:47.000Z,https://rdl.ink/render/https%3A%2F%2Fnsw2u.com%2Fswitch-posts-2,,false
932085087,Sioyek,,,https://sioyek.info,tools,2024-12-29T01:39:19.000Z,https://rdl.ink/render/https%3A%2F%2Fsioyek.info,,false
932085088,Elden Ring Save Manager at Elden Ring Nexus - Mods and Community,"A Save editor that that can perform a wide variety of tasks such as Editing item quantites, setting stats, copying characters, god mode, repair corrupt save files and more.","A Save editor that that can perform a wide variety of tasks such as Editing item quantites, setting stats, copying characters, god mode, repair corrupt save files and more.",https://www.nexusmods.com/eldenring/mods/214,gaming,2024-12-29T01:38:49.000Z,https://staticdelivery.nexusmods.com/mods/4333/images/thumbnails/214/214-1649263711-858035625.jpeg,,false
932079792,Learn In Public,,"The fastest way to build your expertise, network, and second brain.",https://www.swyx.io/learn-in-public,,2024-12-29T01:31:58.577Z,https://og.tailgraph.com/og?fontFamily=Roboto&title=Learn%20In%20Public&titleTailwind=font-bold%20bg-transparent%20text-7xl&titleFontFamily=Poppins&text=The%20fastest%20way%20to%20learn&textTailwind=text-2xl%20mt-4&logoTailwind=h-8&bgUrl=https%3A%2F%2Fwallpaper.dog%2Flarge%2F20455104.jpg&footer=https%3A%2F%2Fwww.swyx.io&footerTailwind=text-teal-900&containerTailwind=border-2%20border-orange-200%20bg-transparent%20p-4,,false
932079336,Welcome! - Eric J. Ma's Personal Site,,,https://ericmjl.github.io/,,2024-12-29T01:28:08.122Z,https://rdl.ink/render/https%3A%2F%2Fericmjl.github.io%2F,,false
932079173,Archit Chandra,,,https://architchandra.com/,,2024-12-29T01:26:10.397Z,https://architchandra.com/media/global/seo/arch_dp_sl.JPG,,false
932079159,The Internet is Becoming an Ocean of LLM-Generated Junk,,"The internet‚Äôs full of content, but most of it is becoming junk. I‚Äôm talking about the stuff generated by Large Language Models (LLMs). These AI tools are cranking out endless articles, and the quality? It's bad‚Äîreally bad.",https://www.trevorlasn.com/blog/the-internet-is-becoming-an-ocean-of-llm-generated-junk,,2024-12-29T01:26:02.788Z,https://res.cloudinary.com/da7jhtpgh/image/upload/v1724510504/layered-waves-haikei_eyv8v0.svg,,false
927901034,"People IODINE is the answer and the cure for this. Enough just managing symtoms, this is no way to live. : r/Candida",,"86 votes, 153 comments. What everyone is missing is iodine, it's the missing link in this journey to transcend this completely and thoroughly‚Ä¶",https://www.reddit.com/r/Candida/comments/17sdvm0/people_iodine_is_the_answer_and_the_cure_for_this/,,2024-12-23T23:11:42.212Z,https://share.redd.it/preview/post/17sdvm0,,false
917519520,Office For Mac | MAS,,All the listed Office installer and activator download links lead to Official Microsoft files only.,https://massgrave.dev/office_for_mac,,2024-12-09T02:09:33.369Z,https://massgrave.dev/img/card.png,,false
917519507,Compare Cloud Storage providers - ComparisonTabl.es,,"Compare all cloud storage providers using our cloud storage comparison table, and find the best option for you! The table contains 25+ cloud storage providers to compare on all of their features and pricing. Footnotes",https://comparisontabl.es/cloud-storage/,,2024-12-09T02:09:28.709Z,https://comparisontabl.es/wp-content/uploads/compare-cloud-storage-providers-th.jpg,,false
917519492,ASRock B760M Steel Legend WiFi,,"Supports 14th, 13th & 12th Gen Intel Core‚Ñ¢ Processors (LGA1700); 12+1+1 Power Phase, Dr.MOS for VCore+GT; 4 x DDR5 DIMMs, Supports Dual Channel, up to 7200+ (OC); 1 PCIe 5.0 x16, 1 PCIe 4.0 x1; Graphics Output Options: HDMI, DisplayPort, eDP; Realtek ALC897 7.1 CH HD Audio Codec, Nahimic Audio; 4 SATA3, 3 Hyper M.2 (PCIe Gen4x4), 2 USB 3.2 Gen2 Type-C (1 Rear, 1 Front),, 1 USB 3.2 Gen2 Type-A (Rear),, 6 USB 3.2 Gen1 (4 Rear, 2 Front),, 6 USB 2.0 (2 Rear, 4 Front); Dragon 2.5G LAN, 802.11ax (WiFi 6E) + Bluetooth 5.3; Supports ASRock Auto Driver Installer",https://www.asrock.com/MB/Intel/B760M%20Steel%20Legend%20WiFi/index.asp#Download,,2024-12-09T02:09:23.876Z,https://www.asrock.com/mb/photo/B760M%20Steel%20Legend%20WiFi(M1).png,,false
910763760,- David Moll's blog,,This article is about:,https://blog.davidmoll.net/stats/,,2024-11-28T16:45:44.791Z,https://rdl.ink/render/https%3A%2F%2Fblog.davidmoll.net%2Fstats%2F,,false
898303419,Discounted Quest VR games and apps on sale | Quest Store DB,,"Meta/Oculus Quest game database. Track app sales, discounts, announcements and new releases. Find the best paid and free VR headset games.",https://queststoredb.com/,,2024-11-11T20:32:55.382Z,https://queststoredb.com/media/5386480711379055_cover_landscape.webp,,false
893999431,Bop Spotter,,,https://walzr.com/bop-spotter,,2024-11-06T02:00:19.855Z,https://rdl.ink/render/https%3A%2F%2Fwalzr.com%2Fbop-spotter,,false
893999171,The Grug Brained Developer,,,https://grugbrain.dev/,,2024-11-06T01:58:48.405Z,https://grugbrain.dev/grug.png,,false
893999160,Blog,,,https://kartikay.bearblog.dev/blog/,,2024-11-06T01:58:40.814Z,https://bear-images.sfo2.cdn.digitaloceanspaces.com/herman-1683556668-0.png,,false
884055226,Amruth Pillai - Resume on the Web,,,https://www.amruthpillai.com/,,2024-10-24T01:49:00.668Z,https://www.amruthpillai.com/images/logo.png,,false
851573750,Bkgd,,,https://www.aircanada.com/ca/en/aco/home/app.html#/bkgd?TAB_ID=La2mdnyXfJ34rYXB3NQVNGnuwefFTKuj0scFlSAgVnrbQEB3-x4-!1725723638807,,2024-09-10T17:07:40.312Z,https://rdl.ink/render/https%3A%2F%2Fwww.aircanada.com%2Fca%2Fen%2Faco%2Fhome%2Fapp.html%23%2Fbkgd%3FTAB_ID%3DLa2mdnyXfJ34rYXB3NQVNGnuwefFTKuj0scFlSAgVnrbQEB3-x4-!1725723638807,,false
780574846,Ilya 30u30,,,https://arc.net/folder/D0472A20-9C20-4D3F-B145-D2865C0A9FEE,,2024-05-05T02:45:18.155Z,https://arc.net/api/share/folder/D0472A20-9C20-4D3F-B145-D2865C0A9FEE/og,,false
779989103,chd_psx directory listing,,,https://archive.org/download/chd_psx/CHD-PSX-USA/,,2024-05-03T21:24:18.945Z,https://rdl.ink/render/https%3A%2F%2Farchive.org%2Fdownload%2Fchd_psx%2FCHD-PSX-USA%2F,,false
779988897,"üïπÔ∏è Tiny Best Set GO! List | Browse, search, tag, and discover the curated list of games",,"Browse, search, tag, and discover the massive list of games in Tiny Best Set GO!",https://lewdev.github.io/apps/tiny-best-set-list/,,2024-05-03T21:23:15.695Z,https://rdl.ink/render/https%3A%2F%2Flewdev.github.io%2Fapps%2Ftiny-best-set-list%2F,,false
779987968,Tim Dettmers,,Making deep learning accessible.,https://timdettmers.com/,,2024-05-03T21:18:00.919Z,https://rdl.ink/render/https%3A%2F%2Ftimdettmers.com%2F,,false
779987775,2018 Mazda3 Owner's Manual | Mazda USA,,,https://www.mazdausa.com/static/manuals/2018/mazda3/contents/05100100.html,,2024-05-03T21:17:13.307Z,https://www.mazdausa.com/static/manuals/2018/mazda3/contents/img/05100101-bnadr01-001.png,,false
779987744,Firehawk52 Official - Saving Digital Legacy,,"Join the Community: https://t.me/firehawk52official
As featured on: Champagne Wiki, freemediaheckyeah and ripped.guide
Partners: Musical Starlight | DoubleDouble / Group
Support the project 
Binance ID: 36575480
Monero: 84Z2X9GpYKTZ2XqmDnnJajRgPdAuPE9z3Hy9Q2irEYTG8SJA6aZxM9wGLMxuAUMLm4QkxCvyxE2jQ...",https://rentry.org/firehawk52#deezer-arls,,2024-05-03T21:17:06.356Z,https://files.catbox.moe/evpuqg.png,,false
779986630,Switch Firmwares - Darthsternie's Firmware Archive,,"These Firmwares are dumps of game cartridge update partitions, Switch System Partitions or downloaded straight from Nintendo‚Äôs CDNThe Packages are compatible with Atmosphere‚Äôs Daybreak and ChoiDojour(NX)Firmware 1.0.0-7 (Pre-Release) is not meant for Installation and only for DevsFirmware 8.1.1 is currently not usable with Daybreak Official Global Firmwares Official China Firmwares",https://darthsternie.net/switch-firmwares/,,2024-05-03T21:15:50.917Z,https://rdl.ink/render/https%3A%2F%2Fdarthsternie.net%2Fswitch-firmwares%2F,,false
779986600,Steam Deck 2230 Drive Data,,"Sheet1

Data compiled about different Steam Deck 2230 Drives,To Do: Add missing data, add pictures of drives
PCIE Note: While the Steam Deck is limited to PCIE3 speeds a PCIE4 drive still has benefits as they 
seem to be higher quality and maintain consistently high read and write speeds
Drive Na...",https://docs.google.com/spreadsheets/u/0/d/1LWdK4P5rddF8cNurxViUpT_A07Nj1bMDQ3o7ecwAX6A/edit?pli=1#gid=0,,2024-05-03T21:15:39.343Z,https://lh7-us.googleusercontent.com/docs/AHkbwyILlgfC2l74z9G_Qipa0QxfbQyUanWvX0mjo0m55RAMg9FnYGzb73YxXD-fTzeiknWL71lFPS1eWSMyzXiS_eHELzJ0LYv-T-AA4OBL0cgLWaNq-EY=w1200-h630-p,,false
779986571,GitHub - CryoByte33/steam-deck-utilities: A utility to improve performance and help manage storage on Steam Deck.,,A utility to improve performance and help manage storage on Steam Deck. - CryoByte33/steam-deck-utilities,https://github.com/CryoByte33/steam-deck-utilities,,2024-05-03T21:15:30.913Z,https://opengraph.githubassets.com/7e1c8418d58a7ae2954b18f37ef53614a1da3122f9524ce2adc41db0d9277700/CryoByte33/steam-deck-utilities,,false
779986555,Switch-Emulators-Guide/Yuzu.md at main ¬∑ Abd-007/Switch-Emulators-Guide,,"A guide to get either Yuzu or Ryujinx running on your PC. Includes links for games, keys, firmware, shaders and some other stuff. Made for 128BitBay and r/NewYuzuPiracy. - Abd-007/Switch-Emulators-...",https://github.com/Abd-007/Switch-Emulators-Guide/blob/main/Yuzu.md,,2024-05-03T21:15:25.604Z,https://opengraph.githubassets.com/916eecf3267379f11b4cb10718eebfd9157c6163ce01a85d754e57d824c383df/Abd-007/Switch-Emulators-Guide,,false
779984103,Creating a Transformer From Scratch - Part One: The Attention Mechanism,,"You cannot create a Transformer without Attention. In this post, I will show you how to write an Attention layer from scratch in PyTorch. By the end of this post, you will be familiar with all three flavors of Attention: Bidirectional, Causal, and Cross Attention, and should be able to write your own implementation of the Attention mechanism in code.",https://benjaminwarner.dev/2023/07/01/attention-mechanism,,2024-05-03T21:10:34.168Z,https://benjaminwarner.dev/favicon.png,,false
779984065,The Illustrated Transformer,,"Discussions:
Hacker News (65 points, 4 comments), Reddit r/MachineLearning (29 points, 3 comments)


Translations: Arabic, Chinese (Simplified) 1, Chinese (Simplified) 2, French 1, French 2, Italian, Japanese, Korean, Persian, Russian, Spanish 1, Spanish 2, Vietnamese

Watch: MIT‚Äôs Deep Learning State of the Art lecture referencing this post

Featured in courses at Stanford, Harvard, MIT, Princeton, CMU and others

In the previous post, we looked at Attention ‚Äì a ubiquitous method in modern deep learning models. Attention is a concept that helped improve the performance of neural machine translation applications. In this post, we will look at The Transformer ‚Äì a model that uses attention to boost the speed with which these models can be trained. The Transformer outperforms the Google Neural Machine Translation model in specific tasks. The biggest benefit, however, comes from how The Transformer lends itself to parallelization. It is in fact Google Cloud‚Äôs recommendation to use The Transformer as a reference model to use their Cloud TPU offering. So let‚Äôs try to break the model apart and look at how it functions.

The Transformer was proposed in the paper Attention is All You Need. A TensorFlow implementation of it is available as a part of the Tensor2Tensor package. Harvard‚Äôs NLP group created a guide annotating the paper with PyTorch implementation. In this post, we will attempt to oversimplify things a bit and introduce the concepts one by one to hopefully make it easier to understand to people without in-depth knowledge of the subject matter.

2020 Update: I‚Äôve created a ‚ÄúNarrated Transformer‚Äù video which is a gentler approach to the topic:




A High-Level Look
Let‚Äôs begin by looking at the model as a single black box. In a machine translation application, it would take a sentence in one language, and output its translation in another.",https://jalammar.github.io/illustrated-transformer/,,2024-05-03T21:10:25.041Z,https://jalammar.github.io/images/t/the_transformer_3.png,,false
779984032,home of Lev Selector,,"Machine Learning, AI, Data       Science, Python, Jupyter, Linux, Cloud, SQL",https://levselector.com/,,2024-05-03T21:10:16.999Z,https://levselector.com/images/LevSelector.jpg,,false
779983990,Guides | Bankless,,,https://www.bankless.com/read/topic/guides,,2024-05-03T21:10:03.678Z,https://cdn.bankless.com/posts/full/2024-03-28/the-bankless-guide-to-sei-featured-image-65d8f89f9b9d39000168d481.webp?class=medium,,false
779983761,Write for others but mostly for yourself ‚Äî Jack Vanlightly,,I started my blog originally to help me get to the next level in my career and help establish myself as an authority in the areas of tech that I was focusing on. I liked writing and thought I had something to say.  Looking back at my 6 years of blogging now it‚Äôs hard to recognise myself from the eng,https://jack-vanlightly.com/blog/2022/1/25/write-for-others-but-mostly-for-yourself,,2024-05-03T21:08:51.736Z,http://static1.squarespace.com/static/56894e581c1210fead06f878/56894f3ea12f44306f8afde0/61f03094c94eeb742cd19979/1711441250049/santerne-lso-cloud.jpg?format=1500w,,false
779983754,Oscar nomination ‚Äòdream come true‚Äô for TMU alum,,"Mike Munn, a TMU alum (‚Äò84) who is editor on the Oscar-nominated film, To Kill a Tiger.",https://www.torontomu.ca/news-events/news/2024/03/tmu-film-alumn-oscar-nomination/,,2024-05-03T21:08:47.421Z,https://www.torontomu.ca/content/dam/news-events/news/2024/05/web-guyana.jpg,,false
775833036,In the long (context) run | Harm de Vries,,It's not the quadratic attention; it's the lack of long pre-training data,https://www.harmdevries.com/post/context-length/,,2024-04-27T01:52:33.131Z,https://www.harmdevries.com/media/icon_hua2ec155b4296a9c9791d015323e16eb5_11927_512x512_fill_lanczos_center_3.png,"Highlight:We‚Äôll investigate the distribution of sequence lengths in common pre-training datasets, such as Github and CommonCrawl. Interestingly, we‚Äôll see that over ~80% of pre-training examples, whether they",false
742874761,Writing,,"Written pieces, talks, and other bits by Zach Holman.",https://zachholman.com/posts,,2024-02-26T01:04:27.806Z,https://zachholman.com/images/front.jpg,,false
742874703,Vaclav Kosar‚Äôs Software & Machine Learning Blog,,"Learn about machine learning, self-attention in transformer architecture, software engineering.",https://vaclavkosar.com/#other-posts,,2024-02-26T01:03:55.878Z,https://rdl.ink/render/https%3A%2F%2Fvaclavkosar.com%2F%23other-posts,,false
742874688,Transformer Embeddings and Tokenization,,"How transformers convert text and other data to vectors and back using tokenization, positional encoding, embedding layers.",https://vaclavkosar.com/ml/transformer-embeddings-and-tokenization,,2024-02-26T01:03:49.834Z,https://vaclavkosar.com/images/transformer-architecture-tokens-vs-embeddings.drawio.svg,,false
742874398,Mat‚Äôs Blog - Transformers From Scratch,,,https://blog.matdmiller.com/posts/2023-06-10_transformers/notebook.html,,2024-02-26T01:02:23.846Z,https://blog.matdmiller.com/posts/2023-06-10_transformers/transformer_coding_1.png,,false
742874269,My 2023 Self Hosting Setup,,"It‚Äôs almost 2024 and I‚Äôm trying out a new blogging setup. Instead of making a blog post about my custom made blog engine (and never blogging again), I‚Äôve decided to go with Quartz &amp; Obsidian for my setup instead.",https://blog.hpfm.dev/2023-self-hosting-setup,,2024-02-26T01:01:14.934Z,https://rdl.ink/render/https%3A%2F%2Fblog.hpfm.dev%2F2023-self-hosting-setup,,false
742874147,ssp.sh,,Genuine News About the Data Ecosystem,https://www.ssp.sh/,,2024-02-26T01:00:00.141Z,https://www.ssp.sh/logo_ssp_quadrat.png,,false
742874082,Hello | Lazar Nikolov,,I'm a full-stack engineer that leans a bit more on the frontend side. I'm a DevRel at Sentry. I create content on YouTube and egghead.io.,https://nikolovlazar.com/,,2024-02-26T00:58:56.556Z,https://nikolovlazar.com/ogimage.png,,false
742874055,bash.lk,,My name is Prabashwara Seneviratne and you can find my writings and photos on this site.,https://www.bash.lk/,,2024-02-26T00:58:36.025Z,https://www.bash.lk/img/bashlk-icon-dark-big.jpg,,false
742874038,"tech, life & music.",,,https://www.richardneililagan.com/,,2024-02-26T00:58:27.157Z,https://rdl.ink/render/https%3A%2F%2Fwww.richardneililagan.com%2F,,false
742874020,Kevin Yap,,"Website and blog of Kevin Yap, a developer and musician from Vancouver, BC.",https://kevinyap.ca/,,2024-02-26T00:58:17.075Z,http://kevinyap.ca/images/icons/avatar.png,,false
742874011,Notes,,"All of my thoughts on programming, building products, leadership, and more. Not structured.",https://jarocki.me/notes,,2024-02-26T00:58:09.083Z,https://jarocki.me/api/og?title=Notes,,false
742873690,Lou Plummer,,Working in educational IT since the 90s. Dedicated Mac user ‚Ä¶,https://amerpie.lol/,,2024-02-26T00:54:03.343Z,https://micro.blog/amerpie/avatar.jpg,,false
742873436,jzhao.xyz,,"Welcome! I‚Äôm Jacky. This is my little hypertext garden on the Internet ‚Äî make yourself at home! Currently, I‚Äôm exploring what agentic and communal technology looks like at Replit and through my independent research practice.",https://jzhao.xyz/,,2024-02-26T00:53:08.431Z,https://jzhao.xyz/static/og-image.png,,false
713600452,About - Dead End Thrills,,"Dead End Thrills is a veteran screen and video capture artist for videogames, with over a decade of game industry experience. Dead End Thrills is a veteran capture artist for videogames, with over a decade of game industry experience. I‚Äôm Duncan Harris, and I am a screen and video capture artist for videogames. Over the [‚Ä¶]",https://deadendthrills.com/,,2024-01-13T18:22:33.901Z,https://d2kqid89qigeoq.cloudfront.net/imagestore/slider/redsector.png,,false
713600440,Typical Mitul | Toronto Photographer for Hire,,"Photographer based in Toronto, Canada specializing in cityscapes, architecture and portraits.",https://typicalmitul.com/gallery,,2024-01-13T18:22:29.306Z,https://typicalmitul.com/_next/image?url=https%3A%2F%2Fres.cloudinary.com%2Fdcf2075hg%2Fimage%2Fupload%2Fc_scale%2Cw_720%2Ftypicalmitul%2Fconcerts%2Fmitul-DSC01498_byh6gu.jpg&w=3840&q=75,,false
694731072,r/Letterboxd Sight & Sound Top 250: 2023 Edition,,"Click the sidebar for position number and vote count. List is organized based on number of votes, then average rating, then number of views.",https://letterboxd.com/hardpressed/list/r-letterboxd-sight-sound-top-250-2023-edition/,,2023-12-15T00:34:19.127Z,https://a.ltrbxd.com/resized/sm/upload/x3/fx/ae/ju/2001-space-odyssey-120-1200-1200-675-675-crop-000000.jpg?v=37a8a99963,,false
694729126,Home - colah's blog,,,http://colah.github.io/,,2023-12-15T00:23:29.464Z,http://colah.github.io/images/post-covers/transformer-circuits-2.png,,false
694729108,Najam R. Syed,,"Engineering, programming, and technical miscellanies",https://nrsyed.com/,,2023-12-15T00:23:22.720Z,https://nrsyed.com/img/beach.jpg,,false
691642270,Netflix,,"Watch Netflix films & TV programmes online or stream right to your smart TV, game console, PC, Mac, mobile, tablet and more.",https://www.netflix.com/browse,,2023-12-09T06:14:09.005Z,https://rdl.ink/render/https%3A%2F%2Fwww.netflix.com%2Fbrowse,,false
670453524,Coherence chart,,,https://tectactoe.neocities.org/coherence_chart.pdf,,2023-10-31T01:06:42.111Z,https://rdl.ink/render/https%3A%2F%2Ftectactoe.neocities.org%2Fcoherence_chart.pdf,,false
670452630,What Are the Risks of Not Changing Oil and Fluids? | Clutch Blog,,Learn the risks of not changing oil and fluids in accordance with your vehicle's owner's manual.,https://blog.clutch.ca/posts/risks-of-not-changing-oil-and-fluids,,2023-10-31T00:57:23.824Z,https://assets-global.website-files.com/60801cda8fa75d1cf863cacd/6102ed3397c12e261900804f_Blog_Thumbnail.png,,false
670449202,So We Shipped an AI Product. Did it Work?,,"Getting Query Assistant from concept to feature diverted R&D & marketing resources. So, did investing in LLMs do what we wanted it to do?",https://www.honeycomb.io/blog/we-shipped-ai-product,,2023-10-31T00:52:56.279Z,https://www.honeycomb.io/wp-content/uploads/2023/10/Blog-Shipped_AI_Product_FI-1024x802.png,,false
513313252,Open Source Vizier: Distributed Infrastructure and API for Reliable and Flexible Blackbox Optimization,,,https://arxiv.org/pdf/2207.13676.pdf,,2023-02-05T01:02:53.586Z,https://rdl.ink/render/https%3A%2F%2Farxiv.org%2Fpdf%2F2207.13676.pdf,,false
